alert_id,machine_id,equipment_category,alert_level,alert_priority,health_score,problem,probable_cause,recommended_action,observed_pattern,alert_status,source_model,generated_at
ALT-0001,CNV-010,Conveyor,Critical,Immediate,54.37,Critical conveyor condition,"Severe abnormal pattern may indicate belt jam, roller failure, or unsafe drive motor stress","Stop conveyor and inspect belt, rollers, drive motor, and blockage immediately","anomaly detected, very low conveyor drive load, very high conveyor speed variation",Active,Isolation Forest + Rule-Based Decision Support,2026-06-07 21:30:30
ALT-0002,TRB-002,Turbine,Critical,Immediate,55.84,Critical turbine condition,"Severe abnormal pattern may indicate unsafe speed instability, thermal stress, or blade damage",Stop or isolate turbine if safety risk exists and perform urgent inspection,"anomaly detected, very low torque, high tool wear, very high rotational speed",Active,Isolation Forest + Rule-Based Decision Support,2026-06-07 21:30:30
ALT-0003,CMP-002,Compressor,Critical,Immediate,57.07,Critical compressor condition,"Severe abnormal pattern may indicate major pressure instability, overheating, or lubrication failure",Stop or isolate compressor if required and perform urgent technical inspection,"anomaly detected, very low torque, high tool wear, very high rotational speed",Active,Isolation Forest + Rule-Based Decision Support,2026-06-07 21:30:30
ALT-0004,GRB-004,Gearbox,Critical,Immediate,57.38,Critical gearbox condition,"Severe abnormal pattern may indicate gear damage, lubrication failure, or unsafe torque transmission",Stop gearbox operation if necessary and perform urgent inspection,"anomaly detected, very low mechanical load, very high shaft speed, high operating temperature",Active,Isolation Forest + Rule-Based Decision Support,2026-06-07 21:30:30
ALT-0005,CMP-003,Compressor,Critical,Immediate,57.47,Critical compressor condition,"Severe abnormal pattern may indicate major pressure instability, overheating, or lubrication failure",Stop or isolate compressor if required and perform urgent technical inspection,"anomaly detected, very high torque, low rotational speed, very high air temperature",Active,Isolation Forest + Rule-Based Decision Support,2026-06-07 21:30:30
ALT-0006,FAN-007,Fan,High Risk,Urgent,57.9,Critical fan operating condition,"Severe abnormal pattern may indicate bearing failure, blade damage, or unsafe vibration condition","Stop fan if vibration is high and urgently inspect bearing, shaft alignment, and blade condition","anomaly detected, very high rotational airflow speed, very low airflow load demand, very high air temperature",Active,Isolation Forest + Rule-Based Decision Support,2026-06-07 21:30:30
ALT-0007,HEX-009,Heat Exchanger,High Risk,Urgent,58.22,Critical heat exchanger condition,Severe abnormal pattern may indicate major blockage or thermal performance failure,Stop or bypass if required and perform urgent cleaning and flow inspection,"anomaly detected, very high air temperature, high process temperature",Active,Isolation Forest + Rule-Based Decision Support,2026-06-07 21:30:30
ALT-0008,HEX-002,Heat Exchanger,High Risk,Urgent,59.74,High heat exchanger efficiency loss,"Low health score may indicate fouling, blocked flow, or abnormal temperature difference",Schedule cleaning and inspect inlet/outlet flow condition soon,"anomaly detected, low process temperature",Active,Isolation Forest + Rule-Based Decision Support,2026-06-07 21:30:30
ALT-0009,MOT-019,Motor,High Risk,Urgent,60.35,High motor stress condition,"Low health score may indicate overload, insulation stress, or abnormal torque demand",Reduce motor load if possible and schedule maintenance soon,"anomaly detected, very low torque, very high rotational speed, very high air temperature",Active,Isolation Forest + Rule-Based Decision Support,2026-06-07 21:30:30
ALT-0010,FAN-005,Fan,High Risk,Urgent,60.72,Severe fan airflow imbalance or bearing stress,"Low health score may indicate high mechanical stress, bearing wear, or unstable rotation",Reduce fan operation load if possible and schedule maintenance soon,"anomaly detected, very high rotational airflow speed, very low airflow load demand",Active,Isolation Forest + Rule-Based Decision Support,2026-06-07 21:30:30
ALT-0011,CMP-004,Compressor,High Risk,Urgent,61.17,High compressor stress condition,"Low health score may indicate overheating, overpressure, or lubrication problem",Schedule maintenance soon and check whether the compressor can continue operation safely,"anomaly detected, very low torque, very high rotational speed, very high air temperature",Active,Isolation Forest + Rule-Based Decision Support,2026-06-07 21:30:30
ALT-0012,HYD-001,Hydraulic System,Medium Risk,Inspect,55.59,Critical hydraulic system condition,"Severe abnormal pattern may indicate major leakage, pump failure, or unsafe pressure condition","Stop hydraulic operation if unsafe and urgently inspect hoses, seals, pressure, and pump","anomaly detected, very low hydraulic load response, high process temperature",Active,Isolation Forest + Rule-Based Decision Support,2026-06-07 21:30:30
ALT-0013,FAN-012,Fan,Medium Risk,Inspect,57.33,Critical fan operating condition,"Severe abnormal pattern may indicate bearing failure, blade damage, or unsafe vibration condition","Stop fan if vibration is high and urgently inspect bearing, shaft alignment, and blade condition","anomaly detected, very high rotational airflow speed, very low airflow load demand, very low air temperature",Active,Isolation Forest + Rule-Based Decision Support,2026-06-07 21:30:30
ALT-0014,CHL-009,Chiller,Medium Risk,Inspect,57.52,Critical chiller condition,"Severe abnormal pattern may indicate major cooling failure, compressor stress, or thermal control problem",Reduce cooling load or isolate chiller if required and perform urgent inspection,"anomaly detected, very high cooling-side temperature, very high process cooling temperature, very low compressor load demand",Active,Isolation Forest + Rule-Based Decision Support,2026-06-07 21:30:30
ALT-0015,AGT-001,Agitator,Medium Risk,Inspect,58.15,Critical agitator condition,"Severe abnormal pattern may indicate shaft damage, blade jam, or unsafe drive stress","Stop agitator if unsafe and urgently inspect shaft, blades, coupling, and motor","anomaly detected, very low mixing load demand, very high shaft speed variation",Active,Isolation Forest + Rule-Based Decision Support,2026-06-07 21:30:30
ALT-0016,FAN-010,Fan,Medium Risk,Inspect,58.33,Critical fan operating condition,"Severe abnormal pattern may indicate bearing failure, blade damage, or unsafe vibration condition","Stop fan if vibration is high and urgently inspect bearing, shaft alignment, and blade condition","anomaly detected, very low rotational airflow speed, very high airflow load demand, very low air temperature",Active,Isolation Forest + Rule-Based Decision Support,2026-06-07 21:30:30
ALT-0017,HEX-003,Heat Exchanger,Medium Risk,Inspect,58.57,Critical heat exchanger condition,Severe abnormal pattern may indicate major blockage or thermal performance failure,Stop or bypass if required and perform urgent cleaning and flow inspection,"anomaly detected, very high air temperature, very high process temperature",Active,Isolation Forest + Rule-Based Decision Support,2026-06-07 21:30:30
ALT-0018,PMP-011,Pump,Medium Risk,Inspect,58.85,Critical pump condition,"Severe abnormal pattern may indicate cavitation damage, bearing failure, or major flow blockage","Stop pump if necessary and urgently inspect suction line, impeller, seals, and bearings","anomaly detected, very low torque, very high rotational speed, low air temperature",Active,Isolation Forest + Rule-Based Decision Support,2026-06-07 21:30:30
ALT-0019,VPM-004,Vacuum Pump,Medium Risk,Inspect,59.03,Critical vacuum pump condition,"Severe abnormal pattern may indicate major vacuum loss, overheating, or internal pump failure",Stop or isolate vacuum pump if required and perform urgent inspection,"anomaly detected, very low vacuum pump load response, very high pump operating temperature, very high process temperature",Active,Isolation Forest + Rule-Based Decision Support,2026-06-07 21:30:30
ALT-0020,MOT-010,Motor,Medium Risk,Inspect,59.18,Critical motor operating condition,"Severe abnormal pattern may indicate overheating, overload, or potential motor failure",Stop or isolate the motor if safety risk exists and perform urgent inspection,"anomaly detected, very low torque, very high rotational speed, very low air temperature",Active,Isolation Forest + Rule-Based Decision Support,2026-06-07 21:30:30
ALT-0021,FAN-001,Fan,Medium Risk,Inspect,59.21,Severe fan airflow imbalance or bearing stress,"Low health score may indicate high mechanical stress, bearing wear, or unstable rotation",Reduce fan operation load if possible and schedule maintenance soon,"anomaly detected, very high rotational airflow speed, very low airflow load demand",Active,Isolation Forest + Rule-Based Decision Support,2026-06-07 21:30:30
ALT-0022,FAN-004,Fan,Medium Risk,Inspect,59.26,Critical fan operating condition,"Severe abnormal pattern may indicate bearing failure, blade damage, or unsafe vibration condition","Stop fan if vibration is high and urgently inspect bearing, shaft alignment, and blade condition","anomaly detected, very high rotational airflow speed, very low airflow load demand, very low air temperature",Active,Isolation Forest + Rule-Based Decision Support,2026-06-07 21:30:30
ALT-0023,AGT-004,Agitator,Medium Risk,Inspect,59.3,Critical agitator condition,"Severe abnormal pattern may indicate shaft damage, blade jam, or unsafe drive stress","Stop agitator if unsafe and urgently inspect shaft, blades, coupling, and motor","anomaly detected, very low mixing load demand, very high shaft speed variation",Active,Isolation Forest + Rule-Based Decision Support,2026-06-07 21:30:30
ALT-0024,AGT-002,Agitator,Medium Risk,Inspect,59.43,Critical agitator condition,"Severe abnormal pattern may indicate shaft damage, blade jam, or unsafe drive stress","Stop agitator if unsafe and urgently inspect shaft, blades, coupling, and motor","anomaly detected, very low mixing load demand, very high shaft speed variation",Active,Isolation Forest + Rule-Based Decision Support,2026-06-07 21:30:30
ALT-0025,PMP-007,Pump,Medium Risk,Inspect,59.44,Critical pump condition,"Severe abnormal pattern may indicate cavitation damage, bearing failure, or major flow blockage","Stop pump if necessary and urgently inspect suction line, impeller, seals, and bearings","anomaly detected, very low torque, very high rotational speed, very high air temperature",Active,Isolation Forest + Rule-Based Decision Support,2026-06-07 21:30:30
ALT-0026,GRB-002,Gearbox,Medium Risk,Inspect,59.54,Critical gearbox condition,"Severe abnormal pattern may indicate gear damage, lubrication failure, or unsafe torque transmission",Stop gearbox operation if necessary and perform urgent inspection,"anomaly detected, very low mechanical load, very high shaft speed, low operating temperature",Active,Isolation Forest + Rule-Based Decision Support,2026-06-07 21:30:30
ALT-0027,MOT-002,Motor,Medium Risk,Inspect,59.61,Critical motor operating condition,"Severe abnormal pattern may indicate overheating, overload, or potential motor failure",Stop or isolate the motor if safety risk exists and perform urgent inspection,"anomaly detected, very low torque, very high rotational speed, very high air temperature",Active,Isolation Forest + Rule-Based Decision Support,2026-06-07 21:30:30
ALT-0028,CNV-003,Conveyor,Medium Risk,Inspect,59.71,High conveyor drive stress,"Low health score may indicate belt misalignment, roller jam, or overload",Reduce conveyor load and schedule maintenance soon,"anomaly detected, very high conveyor drive load, very low conveyor speed variation",Active,Isolation Forest + Rule-Based Decision Support,2026-06-07 21:30:30
ALT-0029,FAN-008,Fan,Medium Risk,Inspect,59.84,Critical fan operating condition,"Severe abnormal pattern may indicate bearing failure, blade damage, or unsafe vibration condition","Stop fan if vibration is high and urgently inspect bearing, shaft alignment, and blade condition","anomaly detected, very high rotational airflow speed, very low airflow load demand, very high air temperature",Active,Isolation Forest + Rule-Based Decision Support,2026-06-07 21:30:30
ALT-0030,CMP-016,Compressor,Medium Risk,Inspect,59.91,Critical compressor condition,"Severe abnormal pattern may indicate major pressure instability, overheating, or lubrication failure",Stop or isolate compressor if required and perform urgent technical inspection,"anomaly detected, very low torque, very high rotational speed",Active,Isolation Forest + Rule-Based Decision Support,2026-06-07 21:30:30
ALT-0031,GRB-001,Gearbox,Medium Risk,Inspect,60.13,Critical gearbox condition,"Severe abnormal pattern may indicate gear damage, lubrication failure, or unsafe torque transmission",Stop gearbox operation if necessary and perform urgent inspection,"anomaly detected, very low mechanical load, very high shaft speed, very low operating temperature",Active,Isolation Forest + Rule-Based Decision Support,2026-06-07 21:30:30
ALT-0032,GEN-007,Generator,Medium Risk,Inspect,60.31,Critical generator condition,"Severe abnormal pattern may indicate overheating, overload, bearing failure, or unsafe electrical operation",Isolate generator if safety risk exists and perform urgent electrical and mechanical inspection,"anomaly detected, very low generator load response, very high rotational speed instability",Active,Isolation Forest + Rule-Based Decision Support,2026-06-07 21:30:30
ALT-0033,MOT-020,Motor,Medium Risk,Inspect,60.5,High motor stress condition,"Low health score may indicate overload, insulation stress, or abnormal torque demand",Reduce motor load if possible and schedule maintenance soon,"anomaly detected, very low torque, very high rotational speed, very high air temperature",Active,Isolation Forest + Rule-Based Decision Support,2026-06-07 21:30:30
ALT-0034,GEN-001,Generator,Medium Risk,Inspect,60.67,Critical generator condition,"Severe abnormal pattern may indicate overheating, overload, bearing failure, or unsafe electrical operation",Isolate generator if safety risk exists and perform urgent electrical and mechanical inspection,"anomaly detected, very low generator load response, very high rotational speed instability, very high generator cooling temperature",Active,Isolation Forest + Rule-Based Decision Support,2026-06-07 21:30:30
ALT-0035,CMP-015,Compressor,Medium Risk,Inspect,61.16,High compressor stress condition,"Low health score may indicate overheating, overpressure, or lubrication problem",Schedule maintenance soon and check whether the compressor can continue operation safely,"anomaly detected, very low torque, very high rotational speed",Active,Isolation Forest + Rule-Based Decision Support,2026-06-07 21:30:30
ALT-0036,CHL-001,Chiller,Medium Risk,Inspect,61.2,High chiller performance risk,"Low health score may indicate cooling efficiency loss, overheating, or unstable compressor load","Schedule maintenance soon and check condenser, refrigerant level, and cooling flow","anomaly detected, low cooling-side temperature, low process cooling temperature, very low compressor load demand",Active,Isolation Forest + Rule-Based Decision Support,2026-06-07 21:30:30
ALT-0037,CMP-010,Compressor,Medium Risk,Inspect,61.34,High compressor stress condition,"Low health score may indicate overheating, overpressure, or lubrication problem",Schedule maintenance soon and check whether the compressor can continue operation safely,"anomaly detected, very high torque, very low rotational speed, low air temperature",Active,Isolation Forest + Rule-Based Decision Support,2026-06-07 21:30:30
ALT-0038,GEN-005,Generator,Medium Risk,Inspect,61.99,High generator operating stress,"Low health score may indicate overload, overheating, bearing stress, or unstable electrical output",Reduce generator load if possible and schedule maintenance soon,"anomaly detected, very low generator load response, very high rotational speed instability, very high generator cooling temperature",Active,Isolation Forest + Rule-Based Decision Support,2026-06-07 21:30:30
ALT-0039,SEP-001,Separator,Medium Risk,Inspect,62.17,High separator process risk,"Low health score may indicate unstable flow, internal restriction, or abnormal process load","Schedule inspection soon and verify separator pressure, flow, and outlet quality","anomaly detected, very low separator process load, very low separator process temperature, very low operating temperature",Active,Isolation Forest + Rule-Based Decision Support,2026-06-07 21:30:30
ALT-0040,CLT-001,Cooling Tower,Medium Risk,Inspect,62.18,High cooling tower performance risk,"Low health score may indicate cooling efficiency loss, airflow restriction, or scaling buildup","Schedule cleaning and inspect fan, fill media, and water distribution system","anomaly detected, low cooling tower air temperature, very high fan speed variation",Active,Isolation Forest + Rule-Based Decision Support,2026-06-07 21:30:30
ALT-0041,VPM-001,Vacuum Pump,Medium Risk,Inspect,62.29,High vacuum pump operating risk,"Low health score may indicate vacuum loss, overheating, internal wear, or seal leakage",Schedule maintenance soon and check vacuum performance and sealing condition,"anomaly detected, very high vacuum pump load demand, very low pump operating temperature, very low process temperature",Active,Isolation Forest + Rule-Based Decision Support,2026-06-07 21:30:30
ALT-0042,CNV-007,Conveyor,Medium Risk,Inspect,62.57,High conveyor drive stress,"Low health score may indicate belt misalignment, roller jam, or overload",Reduce conveyor load and schedule maintenance soon,"anomaly detected, very low conveyor drive load, very high conveyor speed variation",Active,Isolation Forest + Rule-Based Decision Support,2026-06-07 21:30:30
ALT-0043,GEN-003,Generator,Medium Risk,Inspect,62.65,High generator operating stress,"Low health score may indicate overload, overheating, bearing stress, or unstable electrical output",Reduce generator load if possible and schedule maintenance soon,"anomaly detected, very low generator load response, very high rotational speed instability",Active,Isolation Forest + Rule-Based Decision Support,2026-06-07 21:30:30
ALT-0044,MIX-005,Mixer,Medium Risk,Inspect,63.02,High mixer drive stress,"Low health score may indicate overload, blade resistance, or abnormal torque demand",Reduce mixer load if possible and schedule mechanical inspection soon,"anomaly detected, very low mixing load demand, very high shaft speed variation",Active,Isolation Forest + Rule-Based Decision Support,2026-06-07 21:30:30
ALT-0045,MOT-007,Motor,Medium Risk,Inspect,63.26,High motor stress condition,"Low health score may indicate overload, insulation stress, or abnormal torque demand",Reduce motor load if possible and schedule maintenance soon,"anomaly detected, very low torque, high tool wear, very high rotational speed",Active,Isolation Forest + Rule-Based Decision Support,2026-06-07 21:30:30
ALT-0046,MIX-008,Mixer,Medium Risk,Inspect,63.33,High mixer drive stress,"Low health score may indicate overload, blade resistance, or abnormal torque demand",Reduce mixer load if possible and schedule mechanical inspection soon,"anomaly detected, very low mixing load demand, very high shaft speed variation, very high mechanical wear indicator",Active,Isolation Forest + Rule-Based Decision Support,2026-06-07 21:30:30
ALT-0047,CNV-009,Conveyor,Medium Risk,Inspect,63.44,High conveyor drive stress,"Low health score may indicate belt misalignment, roller jam, or overload",Reduce conveyor load and schedule maintenance soon,"anomaly detected, very low conveyor drive load, very high conveyor speed variation, very high wear indicator",Active,Isolation Forest + Rule-Based Decision Support,2026-06-07 21:30:30
ALT-0048,PMP-014,Pump,Medium Risk,Inspect,63.58,High-risk pump operating condition,"Low health score may indicate cavitation, bearing wear, or unstable hydraulic load",Plan maintenance soon and reduce pump load if possible,"anomaly detected, very low torque, very high rotational speed",Active,Isolation Forest + Rule-Based Decision Support,2026-06-07 21:30:30
ALT-0049,CFG-006,Centrifuge,Medium Risk,Inspect,64.1,High centrifuge mechanical stress,"Low health score may indicate rotor imbalance, high vibration risk, or bearing stress",Reduce load if possible and schedule centrifuge mechanical inspection soon,"anomaly detected, high centrifuge load demand, very high operating temperature",Active,Isolation Forest + Rule-Based Decision Support,2026-06-07 21:30:30
ALT-0050,SEP-002,Separator,Medium Risk,Inspect,64.3,High separator process risk,"Low health score may indicate unstable flow, internal restriction, or abnormal process load","Schedule inspection soon and verify separator pressure, flow, and outlet quality","anomaly detected, very low separator process load",Active,Isolation Forest + Rule-Based Decision Support,2026-06-07 21:30:30
ALT-0051,MIX-006,Mixer,Medium Risk,Inspect,64.49,High mixer drive stress,"Low health score may indicate overload, blade resistance, or abnormal torque demand",Reduce mixer load if possible and schedule mechanical inspection soon,"anomaly detected, very low mixing load demand, high shaft speed variation, very high mechanical wear indicator",Active,Isolation Forest + Rule-Based Decision Support,2026-06-07 21:30:30
ALT-0052,CNV-005,Conveyor,Medium Risk,Inspect,64.66,High conveyor drive stress,"Low health score may indicate belt misalignment, roller jam, or overload",Reduce conveyor load and schedule maintenance soon,"anomaly detected, low conveyor drive load, high conveyor speed variation",Active,Isolation Forest + Rule-Based Decision Support,2026-06-07 21:30:30
ALT-0053,HYD-009,Hydraulic System,Medium Risk,Inspect,64.71,High hydraulic system risk,"Low health score may indicate pressure instability, overheating, or leakage",Plan maintenance soon and reduce hydraulic load if possible,"anomaly detected, low hydraulic load response, very high operating temperature, very high process temperature",Active,Isolation Forest + Rule-Based Decision Support,2026-06-07 21:30:30
ALT-0054,MOT-016,Motor,Medium Risk,Inspect,65.18,High motor stress condition,"Low health score may indicate overload, insulation stress, or abnormal torque demand",Reduce motor load if possible and schedule maintenance soon,"anomaly detected, very low torque, very high rotational speed",Active,Isolation Forest + Rule-Based Decision Support,2026-06-07 21:30:30
ALT-0055,GEN-002,Generator,Medium Risk,Inspect,65.23,High generator operating stress,"Low health score may indicate overload, overheating, bearing stress, or unstable electrical output",Reduce generator load if possible and schedule maintenance soon,"anomaly detected, very low generator load response, very high rotational speed instability",Active,Isolation Forest + Rule-Based Decision Support,2026-06-07 21:30:30
ALT-0056,BLW-001,Blower,Medium Risk,Inspect,65.36,High-risk blower operating condition,"Low health score may indicate airflow restriction, overheating, or bearing stress",Plan maintenance soon and reduce blower load if possible,"anomaly detected, very low air temperature, very low process temperature",Active,Isolation Forest + Rule-Based Decision Support,2026-06-07 21:30:30
ALT-0057,GEN-006,Generator,Low Risk,Observe,60.13,Critical generator condition,"Severe abnormal pattern may indicate overheating, overload, bearing failure, or unsafe electrical operation",Isolate generator if safety risk exists and perform urgent electrical and mechanical inspection,"anomaly detected, very low generator load response, very high rotational speed instability, low operating temperature",Active,Isolation Forest + Rule-Based Decision Support,2026-06-07 21:30:30
ALT-0058,HEX-008,Heat Exchanger,Low Risk,Observe,60.36,Critical heat exchanger condition,Severe abnormal pattern may indicate major blockage or thermal performance failure,Stop or bypass if required and perform urgent cleaning and flow inspection,"anomaly detected, very high air temperature, very high process temperature",Active,Isolation Forest + Rule-Based Decision Support,2026-06-07 21:30:30
ALT-0059,HEX-004,Heat Exchanger,Low Risk,Observe,60.48,Critical heat exchanger condition,Severe abnormal pattern may indicate major blockage or thermal performance failure,Stop or bypass if required and perform urgent cleaning and flow inspection,"anomaly detected, high process temperature",Active,Isolation Forest + Rule-Based Decision Support,2026-06-07 21:30:30
ALT-0060,BLW-007,Blower,Low Risk,Observe,60.54,Critical blower condition,"Severe abnormal pattern may indicate major airflow blockage, bearing failure, or overheating","Stop blower if necessary and urgently inspect filter, bearings, and motor load","anomaly detected, very high rotational airflow speed, very low airflow load demand, high process temperature",Active,Isolation Forest + Rule-Based Decision Support,2026-06-07 21:30:30
ALT-0061,CNV-012,Conveyor,Low Risk,Observe,60.57,High conveyor drive stress,"Low health score may indicate belt misalignment, roller jam, or overload",Reduce conveyor load and schedule maintenance soon,"anomaly detected, very low conveyor drive load, very high conveyor speed variation",Active,Isolation Forest + Rule-Based Decision Support,2026-06-07 21:30:30
ALT-0062,TRB-003,Turbine,Low Risk,Observe,60.77,Critical turbine condition,"Severe abnormal pattern may indicate unsafe speed instability, thermal stress, or blade damage",Stop or isolate turbine if safety risk exists and perform urgent inspection,"anomaly detected, very low torque, very high rotational speed, very low air temperature",Active,Isolation Forest + Rule-Based Decision Support,2026-06-07 21:30:30
ALT-0063,PMP-003,Pump,Low Risk,Observe,60.89,High-risk pump operating condition,"Low health score may indicate cavitation, bearing wear, or unstable hydraulic load",Plan maintenance soon and reduce pump load if possible,"anomaly detected, very low torque, very high rotational speed, very high air temperature",Active,Isolation Forest + Rule-Based Decision Support,2026-06-07 21:30:30
ALT-0064,CLT-006,Cooling Tower,Low Risk,Observe,60.89,High cooling tower performance risk,"Low health score may indicate cooling efficiency loss, airflow restriction, or scaling buildup","Schedule cleaning and inspect fan, fill media, and water distribution system","anomaly detected, very high fan speed variation",Active,Isolation Forest + Rule-Based Decision Support,2026-06-07 21:30:30
ALT-0065,HYD-002,Hydraulic System,Low Risk,Observe,61.15,Critical hydraulic system condition,"Severe abnormal pattern may indicate major leakage, pump failure, or unsafe pressure condition","Stop hydraulic operation if unsafe and urgently inspect hoses, seals, pressure, and pump","anomaly detected, very low hydraulic load response, very high operating temperature, very high process temperature",Active,Isolation Forest + Rule-Based Decision Support,2026-06-07 21:30:30
ALT-0066,CNV-002,Conveyor,Low Risk,Observe,61.29,Critical conveyor condition,"Severe abnormal pattern may indicate belt jam, roller failure, or unsafe drive motor stress","Stop conveyor and inspect belt, rollers, drive motor, and blockage immediately","anomaly detected, very low conveyor drive load, very high conveyor speed variation",Active,Isolation Forest + Rule-Based Decision Support,2026-06-07 21:30:30
ALT-0067,PMP-006,Pump,Low Risk,Observe,61.43,High-risk pump operating condition,"Low health score may indicate cavitation, bearing wear, or unstable hydraulic load",Plan maintenance soon and reduce pump load if possible,"anomaly detected, low torque, high rotational speed, very high air temperature",Active,Isolation Forest + Rule-Based Decision Support,2026-06-07 21:30:30
ALT-0068,GEN-004,Generator,Low Risk,Observe,61.55,High generator operating stress,"Low health score may indicate overload, overheating, bearing stress, or unstable electrical output",Reduce generator load if possible and schedule maintenance soon,"anomaly detected, very high generator load demand, very low rotational speed instability, very low generator cooling temperature",Active,Isolation Forest + Rule-Based Decision Support,2026-06-07 21:30:30
ALT-0069,HYD-012,Hydraulic System,Low Risk,Observe,61.65,High hydraulic system risk,"Low health score may indicate pressure instability, overheating, or leakage",Plan maintenance soon and reduce hydraulic load if possible,"anomaly detected, very low operating temperature, very low process temperature",Active,Isolation Forest + Rule-Based Decision Support,2026-06-07 21:30:30
ALT-0070,FAN-011,Fan,Low Risk,Observe,61.78,Severe fan airflow imbalance or bearing stress,"Low health score may indicate high mechanical stress, bearing wear, or unstable rotation",Reduce fan operation load if possible and schedule maintenance soon,"anomaly detected, very high rotational airflow speed, very low airflow load demand",Active,Isolation Forest + Rule-Based Decision Support,2026-06-07 21:30:30
ALT-0071,MOT-022,Motor,Low Risk,Observe,61.87,High motor stress condition,"Low health score may indicate overload, insulation stress, or abnormal torque demand",Reduce motor load if possible and schedule maintenance soon,"anomaly detected, very low torque, very high rotational speed, low process temperature",Active,Isolation Forest + Rule-Based Decision Support,2026-06-07 21:30:30
ALT-0072,GEN-010,Generator,Low Risk,Observe,62.07,High generator operating stress,"Low health score may indicate overload, overheating, bearing stress, or unstable electrical output",Reduce generator load if possible and schedule maintenance soon,"anomaly detected, very low generator load response, very high rotational speed instability",Active,Isolation Forest + Rule-Based Decision Support,2026-06-07 21:30:30
ALT-0073,HYD-007,Hydraulic System,Low Risk,Observe,62.38,High hydraulic system risk,"Low health score may indicate pressure instability, overheating, or leakage",Plan maintenance soon and reduce hydraulic load if possible,"anomaly detected, very low hydraulic load response, low process temperature",Active,Isolation Forest + Rule-Based Decision Support,2026-06-07 21:30:30
ALT-0074,TRB-001,Turbine,Low Risk,Observe,62.6,High turbine mechanical stress,"Low health score may indicate speed instability, thermal stress, or high mechanical load",Plan maintenance soon and verify safe operating limits,"anomaly detected, very low torque, very high tool wear, very high rotational speed",Active,Isolation Forest + Rule-Based Decision Support,2026-06-07 21:30:30
ALT-0075,CMP-018,Compressor,Low Risk,Observe,62.7,High compressor stress condition,"Low health score may indicate overheating, overpressure, or lubrication problem",Schedule maintenance soon and check whether the compressor can continue operation safely,"anomaly detected, very low torque, very high rotational speed, low air temperature",Active,Isolation Forest + Rule-Based Decision Support,2026-06-07 21:30:30
ALT-0076,BLW-005,Blower,Low Risk,Observe,62.7,High-risk blower operating condition,"Low health score may indicate airflow restriction, overheating, or bearing stress",Plan maintenance soon and reduce blower load if possible,"anomaly detected, very high rotational airflow speed, very low airflow load demand, very low air temperature",Active,Isolation Forest + Rule-Based Decision Support,2026-06-07 21:30:30
ALT-0077,MIX-007,Mixer,Low Risk,Observe,62.85,Critical mixer condition,"Severe abnormal pattern may indicate jammed impeller, shaft failure, or unsafe motor load","Stop mixer if necessary and urgently inspect blades, shaft, coupling, and drive motor","anomaly detected, very low mixing load demand, very high shaft speed variation",Active,Isolation Forest + Rule-Based Decision Support,2026-06-07 21:30:30
ALT-0078,CMP-012,Compressor,Low Risk,Observe,62.87,Critical compressor condition,"Severe abnormal pattern may indicate major pressure instability, overheating, or lubrication failure",Stop or isolate compressor if required and perform urgent technical inspection,"anomaly detected, very low torque, very high rotational speed",Active,Isolation Forest + Rule-Based Decision Support,2026-06-07 21:30:30
ALT-0079,PMP-019,Pump,Low Risk,Observe,63.04,High-risk pump operating condition,"Low health score may indicate cavitation, bearing wear, or unstable hydraulic load",Plan maintenance soon and reduce pump load if possible,"anomaly detected, very low torque, very high rotational speed, low air temperature",Active,Isolation Forest + Rule-Based Decision Support,2026-06-07 21:30:30
ALT-0080,CMP-007,Compressor,Low Risk,Observe,63.14,High compressor stress condition,"Low health score may indicate overheating, overpressure, or lubrication problem",Schedule maintenance soon and check whether the compressor can continue operation safely,"anomaly detected, very low torque, very high rotational speed",Active,Isolation Forest + Rule-Based Decision Support,2026-06-07 21:30:30
ALT-0081,CLT-008,Cooling Tower,Low Risk,Observe,63.15,High cooling tower performance risk,"Low health score may indicate cooling efficiency loss, airflow restriction, or scaling buildup","Schedule cleaning and inspect fan, fill media, and water distribution system","anomaly detected, very low cooling tower air temperature, low cooling water temperature, low fan speed variation",Active,Isolation Forest + Rule-Based Decision Support,2026-06-07 21:30:30
ALT-0082,BLW-008,Blower,Low Risk,Observe,63.43,High-risk blower operating condition,"Low health score may indicate airflow restriction, overheating, or bearing stress",Plan maintenance soon and reduce blower load if possible,"anomaly detected, very high rotational airflow speed, very low airflow load demand",Active,Isolation Forest + Rule-Based Decision Support,2026-06-07 21:30:30
ALT-0083,HYD-003,Hydraulic System,Low Risk,Observe,63.43,High hydraulic system risk,"Low health score may indicate pressure instability, overheating, or leakage",Plan maintenance soon and reduce hydraulic load if possible,"anomaly detected, very low hydraulic load response, low operating temperature, low process temperature",Active,Isolation Forest + Rule-Based Decision Support,2026-06-07 21:30:30
ALT-0084,GRB-013,Gearbox,Low Risk,Observe,63.61,High gearbox mechanical stress,"Low health score may indicate lubrication failure, gear wear, or abnormal torque transmission",Schedule maintenance soon and avoid high load operation,"anomaly detected, very low mechanical load, very high shaft speed, very low operating temperature",Active,Isolation Forest + Rule-Based Decision Support,2026-06-07 21:30:30
ALT-0085,GRB-009,Gearbox,Low Risk,Observe,63.68,High gearbox mechanical stress,"Low health score may indicate lubrication failure, gear wear, or abnormal torque transmission",Schedule maintenance soon and avoid high load operation,"anomaly detected, very low mechanical load, very high shaft speed, high wear indicator",Active,Isolation Forest + Rule-Based Decision Support,2026-06-07 21:30:30
ALT-0086,MOT-013,Motor,Low Risk,Observe,63.73,High motor stress condition,"Low health score may indicate overload, insulation stress, or abnormal torque demand",Reduce motor load if possible and schedule maintenance soon,"anomaly detected, very low torque, very high rotational speed",Active,Isolation Forest + Rule-Based Decision Support,2026-06-07 21:30:30
ALT-0087,PMP-005,Pump,Low Risk,Observe,63.75,High-risk pump operating condition,"Low health score may indicate cavitation, bearing wear, or unstable hydraulic load",Plan maintenance soon and reduce pump load if possible,"anomaly detected, very high torque, low rotational speed, very high air temperature",Active,Isolation Forest + Rule-Based Decision Support,2026-06-07 21:30:30
ALT-0088,BLW-010,Blower,Low Risk,Observe,63.77,High-risk blower operating condition,"Low health score may indicate airflow restriction, overheating, or bearing stress",Plan maintenance soon and reduce blower load if possible,"anomaly detected, very high rotational airflow speed, very low airflow load demand, high process temperature",Active,Isolation Forest + Rule-Based Decision Support,2026-06-07 21:30:30
ALT-0089,CLT-004,Cooling Tower,Low Risk,Observe,63.81,High cooling tower performance risk,"Low health score may indicate cooling efficiency loss, airflow restriction, or scaling buildup","Schedule cleaning and inspect fan, fill media, and water distribution system","anomaly detected, very high fan speed variation",Active,Isolation Forest + Rule-Based Decision Support,2026-06-07 21:30:30
ALT-0090,CMP-017,Compressor,Low Risk,Observe,63.95,High compressor stress condition,"Low health score may indicate overheating, overpressure, or lubrication problem",Schedule maintenance soon and check whether the compressor can continue operation safely,"anomaly detected, very low air temperature, very low process temperature",Active,Isolation Forest + Rule-Based Decision Support,2026-06-07 21:30:30
ALT-0091,PMP-010,Pump,Low Risk,Observe,64.06,High-risk pump operating condition,"Low health score may indicate cavitation, bearing wear, or unstable hydraulic load",Plan maintenance soon and reduce pump load if possible,"anomaly detected, very low torque, high tool wear, very high rotational speed",Active,Isolation Forest + Rule-Based Decision Support,2026-06-07 21:30:30
ALT-0092,FAN-009,Fan,Low Risk,Observe,64.08,Severe fan airflow imbalance or bearing stress,"Low health score may indicate high mechanical stress, bearing wear, or unstable rotation",Reduce fan operation load if possible and schedule maintenance soon,"anomaly detected, very high rotational airflow speed, very low airflow load demand, low air temperature",Active,Isolation Forest + Rule-Based Decision Support,2026-06-07 21:30:30
ALT-0093,HYD-008,Hydraulic System,Low Risk,Observe,64.15,High hydraulic system risk,"Low health score may indicate pressure instability, overheating, or leakage",Plan maintenance soon and reduce hydraulic load if possible,"anomaly detected, very low operating temperature, very low process temperature",Active,Isolation Forest + Rule-Based Decision Support,2026-06-07 21:30:30
ALT-0094,HEX-007,Heat Exchanger,Low Risk,Observe,64.27,High heat exchanger efficiency loss,"Low health score may indicate fouling, blocked flow, or abnormal temperature difference",Schedule cleaning and inspect inlet/outlet flow condition soon,"anomaly detected, very low air temperature, very low process temperature",Active,Isolation Forest + Rule-Based Decision Support,2026-06-07 21:30:30
ALT-0095,CMP-008,Compressor,Low Risk,Observe,64.39,High compressor stress condition,"Low health score may indicate overheating, overpressure, or lubrication problem",Schedule maintenance soon and check whether the compressor can continue operation safely,"anomaly detected, very low torque, very high rotational speed",Active,Isolation Forest + Rule-Based Decision Support,2026-06-07 21:30:30
ALT-0096,CFG-005,Centrifuge,Low Risk,Observe,64.5,High centrifuge mechanical stress,"Low health score may indicate rotor imbalance, high vibration risk, or bearing stress",Reduce load if possible and schedule centrifuge mechanical inspection soon,"anomaly detected, low centrifuge speed instability, very high centrifuge load demand, very high operating temperature",Active,Isolation Forest + Rule-Based Decision Support,2026-06-07 21:30:30
ALT-0097,MOT-003,Motor,Low Risk,Observe,64.59,High motor stress condition,"Low health score may indicate overload, insulation stress, or abnormal torque demand",Reduce motor load if possible and schedule maintenance soon,"anomaly detected, very low torque, very high rotational speed",Active,Isolation Forest + Rule-Based Decision Support,2026-06-07 21:30:30
ALT-0098,CLT-002,Cooling Tower,Low Risk,Observe,64.71,High cooling tower performance risk,"Low health score may indicate cooling efficiency loss, airflow restriction, or scaling buildup","Schedule cleaning and inspect fan, fill media, and water distribution system","anomaly detected, high cooling tower air temperature, low fan speed variation",Active,Isolation Forest + Rule-Based Decision Support,2026-06-07 21:30:30
ALT-0099,MOT-006,Motor,Low Risk,Observe,64.79,High motor stress condition,"Low health score may indicate overload, insulation stress, or abnormal torque demand",Reduce motor load if possible and schedule maintenance soon,"anomaly detected, very low torque, very high rotational speed",Active,Isolation Forest + Rule-Based Decision Support,2026-06-07 21:30:30
ALT-0100,CFG-001,Centrifuge,Low Risk,Observe,64.82,High centrifuge mechanical stress,"Low health score may indicate rotor imbalance, high vibration risk, or bearing stress",Reduce load if possible and schedule centrifuge mechanical inspection soon,"anomaly detected, very high centrifuge speed instability, very low centrifuge load demand, very high operating temperature",Active,Isolation Forest + Rule-Based Decision Support,2026-06-07 21:30:30
ALT-0101,CNV-006,Conveyor,Low Risk,Observe,64.86,High conveyor drive stress,"Low health score may indicate belt misalignment, roller jam, or overload",Reduce conveyor load and schedule maintenance soon,"anomaly detected, very low conveyor drive load, very high conveyor speed variation, high wear indicator",Active,Isolation Forest + Rule-Based Decision Support,2026-06-07 21:30:30
ALT-0102,MOT-017,Motor,Low Risk,Observe,64.87,High motor stress condition,"Low health score may indicate overload, insulation stress, or abnormal torque demand",Reduce motor load if possible and schedule maintenance soon,"anomaly detected, very high torque, low rotational speed, very low air temperature",Active,Isolation Forest + Rule-Based Decision Support,2026-06-07 21:30:30
ALT-0103,MOT-023,Motor,Low Risk,Observe,64.9,High motor stress condition,"Low health score may indicate overload, insulation stress, or abnormal torque demand",Reduce motor load if possible and schedule maintenance soon,"anomaly detected, very low torque, very high rotational speed, high air temperature",Active,Isolation Forest + Rule-Based Decision Support,2026-06-07 21:30:30
ALT-0104,CHL-005,Chiller,Low Risk,Observe,64.93,High chiller performance risk,"Low health score may indicate cooling efficiency loss, overheating, or unstable compressor load","Schedule maintenance soon and check condenser, refrigerant level, and cooling flow","anomaly detected, very low compressor load demand",Active,Isolation Forest + Rule-Based Decision Support,2026-06-07 21:30:30
ALT-0105,MOT-012,Motor,Low Risk,Observe,64.94,High motor stress condition,"Low health score may indicate overload, insulation stress, or abnormal torque demand",Reduce motor load if possible and schedule maintenance soon,"anomaly detected, very low torque, very high rotational speed",Active,Isolation Forest + Rule-Based Decision Support,2026-06-07 21:30:30
ALT-0106,MOT-009,Motor,Low Risk,Observe,64.97,High motor stress condition,"Low health score may indicate overload, insulation stress, or abnormal torque demand",Reduce motor load if possible and schedule maintenance soon,"anomaly detected, very low torque, very high rotational speed, very low process temperature",Active,Isolation Forest + Rule-Based Decision Support,2026-06-07 21:30:30
ALT-0107,BLW-002,Blower,Low Risk,Observe,64.97,High-risk blower operating condition,"Low health score may indicate airflow restriction, overheating, or bearing stress",Plan maintenance soon and reduce blower load if possible,"anomaly detected, low airflow load demand, very high air temperature, very high process temperature",Active,Isolation Forest + Rule-Based Decision Support,2026-06-07 21:30:30
ALT-0108,CLT-005,Cooling Tower,Low Risk,Observe,64.97,High cooling tower performance risk,"Low health score may indicate cooling efficiency loss, airflow restriction, or scaling buildup","Schedule cleaning and inspect fan, fill media, and water distribution system","anomaly detected, very high cooling tower air temperature, very high cooling water temperature",Active,Isolation Forest + Rule-Based Decision Support,2026-06-07 21:30:30
ALT-0109,HEX-005,Heat Exchanger,Low Risk,Observe,64.99,High heat exchanger efficiency loss,"Low health score may indicate fouling, blocked flow, or abnormal temperature difference",Schedule cleaning and inspect inlet/outlet flow condition soon,anomaly detected,Active,Isolation Forest + Rule-Based Decision Support,2026-06-07 21:30:30
ALT-0110,CMP-005,Compressor,Low Risk,Observe,65.04,High compressor stress condition,"Low health score may indicate overheating, overpressure, or lubrication problem",Schedule maintenance soon and check whether the compressor can continue operation safely,"anomaly detected, very low torque, very high rotational speed",Active,Isolation Forest + Rule-Based Decision Support,2026-06-07 21:30:30
ALT-0111,CFG-004,Centrifuge,Low Risk,Observe,65.06,High centrifuge mechanical stress,"Low health score may indicate rotor imbalance, high vibration risk, or bearing stress",Reduce load if possible and schedule centrifuge mechanical inspection soon,"anomaly detected, very high centrifuge speed instability, very low centrifuge load demand",Active,Isolation Forest + Rule-Based Decision Support,2026-06-07 21:30:30
ALT-0112,GRB-008,Gearbox,Low Risk,Observe,65.09,High gearbox mechanical stress,"Low health score may indicate lubrication failure, gear wear, or abnormal torque transmission",Schedule maintenance soon and avoid high load operation,"anomaly detected, very high operating temperature",Active,Isolation Forest + Rule-Based Decision Support,2026-06-07 21:30:30
ALT-0113,BLW-003,Blower,Low Risk,Observe,65.09,High-risk blower operating condition,"Low health score may indicate airflow restriction, overheating, or bearing stress",Plan maintenance soon and reduce blower load if possible,"anomaly detected, very high air temperature, very high process temperature",Active,Isolation Forest + Rule-Based Decision Support,2026-06-07 21:30:30
ALT-0114,AGT-003,Agitator,Low Risk,Observe,65.11,High agitator mechanical stress,"Low health score may indicate blade resistance, overload, or shaft stress",Schedule inspection soon and reduce agitator load if possible,"anomaly detected, very low mixing load demand, very high shaft speed variation",Active,Isolation Forest + Rule-Based Decision Support,2026-06-07 21:30:30
ALT-0115,CLT-003,Cooling Tower,Low Risk,Observe,65.13,High cooling tower performance risk,"Low health score may indicate cooling efficiency loss, airflow restriction, or scaling buildup","Schedule cleaning and inspect fan, fill media, and water distribution system","anomaly detected, very high cooling tower air temperature, very high cooling water temperature",Active,Isolation Forest + Rule-Based Decision Support,2026-06-07 21:30:30
ALT-0116,CMP-011,Compressor,Low Risk,Observe,65.19,High compressor stress condition,"Low health score may indicate overheating, overpressure, or lubrication problem",Schedule maintenance soon and check whether the compressor can continue operation safely,"anomaly detected, very low torque, very high rotational speed, very low air temperature",Active,Isolation Forest + Rule-Based Decision Support,2026-06-07 21:30:30
ALT-0117,CNV-001,Conveyor,Low Risk,Observe,65.26,High conveyor drive stress,"Low health score may indicate belt misalignment, roller jam, or overload",Reduce conveyor load and schedule maintenance soon,"anomaly detected, very high conveyor drive load, low conveyor speed variation",Active,Isolation Forest + Rule-Based Decision Support,2026-06-07 21:30:30
ALT-0118,MIX-004,Mixer,Low Risk,Observe,65.27,High mixer drive stress,"Low health score may indicate overload, blade resistance, or abnormal torque demand",Reduce mixer load if possible and schedule mechanical inspection soon,"anomaly detected, very low mixing load demand, very high shaft speed variation",Active,Isolation Forest + Rule-Based Decision Support,2026-06-07 21:30:30
ALT-0119,MIX-001,Mixer,Low Risk,Observe,65.29,High mixer drive stress,"Low health score may indicate overload, blade resistance, or abnormal torque demand",Reduce mixer load if possible and schedule mechanical inspection soon,"anomaly detected, very low mixing load demand, very high shaft speed variation",Active,Isolation Forest + Rule-Based Decision Support,2026-06-07 21:30:30
ALT-0120,CHL-004,Chiller,Low Risk,Observe,65.34,High chiller performance risk,"Low health score may indicate cooling efficiency loss, overheating, or unstable compressor load","Schedule maintenance soon and check condenser, refrigerant level, and cooling flow","anomaly detected, low process cooling temperature, very low compressor load demand",Active,Isolation Forest + Rule-Based Decision Support,2026-06-07 21:30:30
ALT-0121,HEX-010,Heat Exchanger,Low Risk,Observe,65.34,High heat exchanger efficiency loss,"Low health score may indicate fouling, blocked flow, or abnormal temperature difference",Schedule cleaning and inspect inlet/outlet flow condition soon,anomaly detected,Active,Isolation Forest + Rule-Based Decision Support,2026-06-07 21:30:30
ALT-0122,MOT-011,Motor,Low Risk,Observe,65.41,High motor stress condition,"Low health score may indicate overload, insulation stress, or abnormal torque demand",Reduce motor load if possible and schedule maintenance soon,"anomaly detected, very low torque, very high rotational speed, low air temperature",Active,Isolation Forest + Rule-Based Decision Support,2026-06-07 21:30:30
ALT-0123,GEN-009,Generator,Low Risk,Observe,65.41,High generator operating stress,"Low health score may indicate overload, overheating, bearing stress, or unstable electrical output",Reduce generator load if possible and schedule maintenance soon,"anomaly detected, very low generator load response, very high rotational speed instability, low generator cooling temperature",Active,Isolation Forest + Rule-Based Decision Support,2026-06-07 21:30:30
ALT-0124,FAN-003,Fan,Low Risk,Observe,65.51,Severe fan airflow imbalance or bearing stress,"Low health score may indicate high mechanical stress, bearing wear, or unstable rotation",Reduce fan operation load if possible and schedule maintenance soon,"anomaly detected, very high rotational airflow speed, very low airflow load demand, low air temperature",Active,Isolation Forest + Rule-Based Decision Support,2026-06-07 21:30:30
ALT-0125,PMP-015,Pump,Low Risk,Observe,65.54,High-risk pump operating condition,"Low health score may indicate cavitation, bearing wear, or unstable hydraulic load",Plan maintenance soon and reduce pump load if possible,"anomaly detected, very low torque, very high rotational speed, low air temperature",Active,Isolation Forest + Rule-Based Decision Support,2026-06-07 21:30:30
ALT-0126,HYD-011,Hydraulic System,Low Risk,Observe,65.55,High hydraulic system risk,"Low health score may indicate pressure instability, overheating, or leakage",Plan maintenance soon and reduce hydraulic load if possible,"anomaly detected, low hydraulic load response, very low operating temperature, very low process temperature",Active,Isolation Forest + Rule-Based Decision Support,2026-06-07 21:30:30
ALT-0127,TRB-005,Turbine,Low Risk,Observe,65.58,High turbine mechanical stress,"Low health score may indicate speed instability, thermal stress, or high mechanical load",Plan maintenance soon and verify safe operating limits,"anomaly detected, very low torque, high tool wear, very high rotational speed",Active,Isolation Forest + Rule-Based Decision Support,2026-06-07 21:30:30
ALT-0128,GRB-007,Gearbox,Low Risk,Observe,65.81,Possible gear wear or lubrication issue,"Abnormal torque or temperature pattern may indicate gear wear, misalignment, or insufficient lubrication","Inspect oil level, gear teeth condition, vibration, and shaft alignment","very high mechanical load, low shaft speed, very high operating temperature",Active,Isolation Forest + Rule-Based Decision Support,2026-06-07 21:30:30
ALT-0129,CHL-002,Chiller,Low Risk,Observe,65.81,High chiller performance risk,"Low health score may indicate cooling efficiency loss, overheating, or unstable compressor load","Schedule maintenance soon and check condenser, refrigerant level, and cooling flow","anomaly detected, very low compressor load demand",Active,Isolation Forest + Rule-Based Decision Support,2026-06-07 21:30:30
ALT-0130,GRB-010,Gearbox,Low Risk,Observe,65.85,High gearbox mechanical stress,"Low health score may indicate lubrication failure, gear wear, or abnormal torque transmission",Schedule maintenance soon and avoid high load operation,"anomaly detected, very low mechanical load, very high shaft speed, very low operating temperature",Active,Isolation Forest + Rule-Based Decision Support,2026-06-07 21:30:30
ALT-0131,CNV-008,Conveyor,Low Risk,Observe,65.97,High conveyor drive stress,"Low health score may indicate belt misalignment, roller jam, or overload",Reduce conveyor load and schedule maintenance soon,"anomaly detected, low conveyor drive load, high conveyor speed variation, high wear indicator",Active,Isolation Forest + Rule-Based Decision Support,2026-06-07 21:30:30
ALT-0132,CHL-008,Chiller,Low Risk,Observe,66.01,High chiller performance risk,"Low health score may indicate cooling efficiency loss, overheating, or unstable compressor load","Schedule maintenance soon and check condenser, refrigerant level, and cooling flow","anomaly detected, very low cooling-side temperature, very low process cooling temperature",Active,Isolation Forest + Rule-Based Decision Support,2026-06-07 21:30:30
ALT-0133,PMP-021,Pump,Low Risk,Observe,66.1,High-risk pump operating condition,"Low health score may indicate cavitation, bearing wear, or unstable hydraulic load",Plan maintenance soon and reduce pump load if possible,"anomaly detected, very low torque, very high rotational speed, high air temperature",Active,Isolation Forest + Rule-Based Decision Support,2026-06-07 21:30:30
ALT-0134,CMP-014,Compressor,Low Risk,Observe,66.12,High compressor stress condition,"Low health score may indicate overheating, overpressure, or lubrication problem",Schedule maintenance soon and check whether the compressor can continue operation safely,"anomaly detected, very low air temperature, very low process temperature",Active,Isolation Forest + Rule-Based Decision Support,2026-06-07 21:30:30
ALT-0135,HYD-005,Hydraulic System,Low Risk,Observe,66.19,High hydraulic system risk,"Low health score may indicate pressure instability, overheating, or leakage",Plan maintenance soon and reduce hydraulic load if possible,"anomaly detected, very high hydraulic load demand",Active,Isolation Forest + Rule-Based Decision Support,2026-06-07 21:30:30
ALT-0136,CHL-006,Chiller,Low Risk,Observe,66.27,High chiller performance risk,"Low health score may indicate cooling efficiency loss, overheating, or unstable compressor load","Schedule maintenance soon and check condenser, refrigerant level, and cooling flow","anomaly detected, high cooling-side temperature, high process cooling temperature, very high compressor load demand",Active,Isolation Forest + Rule-Based Decision Support,2026-06-07 21:30:30
ALT-0137,AGT-006,Agitator,Low Risk,Observe,66.27,High agitator mechanical stress,"Low health score may indicate blade resistance, overload, or shaft stress",Schedule inspection soon and reduce agitator load if possible,"anomaly detected, very low mixing load demand, very high shaft speed variation",Active,Isolation Forest + Rule-Based Decision Support,2026-06-07 21:30:30
ALT-0138,BLW-009,Blower,Low Risk,Observe,66.42,High-risk blower operating condition,"Low health score may indicate airflow restriction, overheating, or bearing stress",Plan maintenance soon and reduce blower load if possible,"anomaly detected, very high rotational airflow speed, very low airflow load demand, very high air temperature",Active,Isolation Forest + Rule-Based Decision Support,2026-06-07 21:30:30
ALT-0139,VPM-003,Vacuum Pump,Low Risk,Observe,66.45,High vacuum pump operating risk,"Low health score may indicate vacuum loss, overheating, internal wear, or seal leakage",Schedule maintenance soon and check vacuum performance and sealing condition,"anomaly detected, very low vacuum pump load response, very low pump operating temperature, low process temperature",Active,Isolation Forest + Rule-Based Decision Support,2026-06-07 21:30:30
ALT-0140,TRB-007,Turbine,Low Risk,Observe,66.47,High turbine mechanical stress,"Low health score may indicate speed instability, thermal stress, or high mechanical load",Plan maintenance soon and verify safe operating limits,"anomaly detected, high torque, very low air temperature, very low process temperature",Active,Isolation Forest + Rule-Based Decision Support,2026-06-07 21:30:30
ALT-0141,MOT-001,Motor,Low Risk,Observe,66.48,High motor stress condition,"Low health score may indicate overload, insulation stress, or abnormal torque demand",Reduce motor load if possible and schedule maintenance soon,"anomaly detected, very low torque, high tool wear, very high rotational speed",Active,Isolation Forest + Rule-Based Decision Support,2026-06-07 21:30:30
ALT-0142,CLT-007,Cooling Tower,Low Risk,Observe,66.5,High cooling tower performance risk,"Low health score may indicate cooling efficiency loss, airflow restriction, or scaling buildup","Schedule cleaning and inspect fan, fill media, and water distribution system","anomaly detected, low cooling water temperature, very high fan speed variation",Active,Isolation Forest + Rule-Based Decision Support,2026-06-07 21:30:30
ALT-0143,GEN-008,Generator,Low Risk,Observe,66.67,High generator operating stress,"Low health score may indicate overload, overheating, bearing stress, or unstable electrical output",Reduce generator load if possible and schedule maintenance soon,"anomaly detected, very high generator load demand, very high generator cooling temperature, very high operating temperature",Active,Isolation Forest + Rule-Based Decision Support,2026-06-07 21:30:30
ALT-0144,MOT-021,Motor,Low Risk,Observe,66.69,High motor stress condition,"Low health score may indicate overload, insulation stress, or abnormal torque demand",Reduce motor load if possible and schedule maintenance soon,"anomaly detected, very low torque, very high rotational speed, high air temperature",Active,Isolation Forest + Rule-Based Decision Support,2026-06-07 21:30:30
ALT-0145,CFG-008,Centrifuge,Low Risk,Observe,66.82,High centrifuge mechanical stress,"Low health score may indicate rotor imbalance, high vibration risk, or bearing stress",Reduce load if possible and schedule centrifuge mechanical inspection soon,"anomaly detected, very high centrifuge speed instability, very low centrifuge load demand",Active,Isolation Forest + Rule-Based Decision Support,2026-06-07 21:30:30
ALT-0146,CNV-013,Conveyor,Low Risk,Observe,66.88,High conveyor drive stress,"Low health score may indicate belt misalignment, roller jam, or overload",Reduce conveyor load and schedule maintenance soon,"anomaly detected, very high conveyor drive load, low conveyor speed variation",Active,Isolation Forest + Rule-Based Decision Support,2026-06-07 21:30:30
ALT-0147,CHL-007,Chiller,Low Risk,Observe,66.92,High chiller performance risk,"Low health score may indicate cooling efficiency loss, overheating, or unstable compressor load","Schedule maintenance soon and check condenser, refrigerant level, and cooling flow","anomaly detected, very high cooling-side temperature, very high process cooling temperature, very low compressor load demand",Active,Isolation Forest + Rule-Based Decision Support,2026-06-07 21:30:30
ALT-0148,HYD-010,Hydraulic System,Low Risk,Observe,66.95,High hydraulic system risk,"Low health score may indicate pressure instability, overheating, or leakage",Plan maintenance soon and reduce hydraulic load if possible,"anomaly detected, very high hydraulic load demand, very low operating temperature, very low process temperature",Active,Isolation Forest + Rule-Based Decision Support,2026-06-07 21:30:30
ALT-0149,GRB-012,Gearbox,Low Risk,Observe,66.96,High gearbox mechanical stress,"Low health score may indicate lubrication failure, gear wear, or abnormal torque transmission",Schedule maintenance soon and avoid high load operation,"anomaly detected, high mechanical load, low shaft speed, high wear indicator",Active,Isolation Forest + Rule-Based Decision Support,2026-06-07 21:30:30
ALT-0150,CFG-007,Centrifuge,Low Risk,Observe,67.13,High centrifuge mechanical stress,"Low health score may indicate rotor imbalance, high vibration risk, or bearing stress",Reduce load if possible and schedule centrifuge mechanical inspection soon,"anomaly detected, high centrifuge load demand, high operating temperature",Active,Isolation Forest + Rule-Based Decision Support,2026-06-07 21:30:30
ALT-0151,PMP-016,Pump,Low Risk,Observe,67.24,High-risk pump operating condition,"Low health score may indicate cavitation, bearing wear, or unstable hydraulic load",Plan maintenance soon and reduce pump load if possible,"anomaly detected, very high air temperature, very high process temperature",Active,Isolation Forest + Rule-Based Decision Support,2026-06-07 21:30:30
ALT-0152,HEX-001,Heat Exchanger,Low Risk,Observe,67.25,High heat exchanger efficiency loss,"Low health score may indicate fouling, blocked flow, or abnormal temperature difference",Schedule cleaning and inspect inlet/outlet flow condition soon,"anomaly detected, very low air temperature, very low process temperature",Active,Isolation Forest + Rule-Based Decision Support,2026-06-07 21:30:30
ALT-0153,MOT-005,Motor,Low Risk,Observe,67.3,High motor stress condition,"Low health score may indicate overload, insulation stress, or abnormal torque demand",Reduce motor load if possible and schedule maintenance soon,"anomaly detected, high tool wear, very low air temperature, very low process temperature",Active,Isolation Forest + Rule-Based Decision Support,2026-06-07 21:30:30
ALT-0154,MOT-024,Motor,Low Risk,Observe,67.39,High motor stress condition,"Low health score may indicate overload, insulation stress, or abnormal torque demand",Reduce motor load if possible and schedule maintenance soon,"anomaly detected, very low torque, very high rotational speed, low process temperature",Active,Isolation Forest + Rule-Based Decision Support,2026-06-07 21:30:30
ALT-0155,MIX-003,Mixer,Low Risk,Observe,67.4,High mixer drive stress,"Low health score may indicate overload, blade resistance, or abnormal torque demand",Reduce mixer load if possible and schedule mechanical inspection soon,"anomaly detected, very low mixing load demand, very high shaft speed variation",Active,Isolation Forest + Rule-Based Decision Support,2026-06-07 21:30:30
ALT-0156,AGT-005,Agitator,Low Risk,Observe,67.53,High agitator mechanical stress,"Low health score may indicate blade resistance, overload, or shaft stress",Schedule inspection soon and reduce agitator load if possible,"anomaly detected, very high mixing load demand, low shaft speed variation",Active,Isolation Forest + Rule-Based Decision Support,2026-06-07 21:30:30
ALT-0157,PMP-020,Pump,Low Risk,Observe,67.73,Possible cavitation or pump load issue,"Abnormal torque or speed pattern may suggest suction restriction, impeller blockage, or bearing wear","Inspect suction pressure, impeller condition, seals, and bearing vibration","very low torque, high tool wear, very high rotational speed",Active,Isolation Forest + Rule-Based Decision Support,2026-06-07 21:30:30
ALT-0158,PMP-002,Pump,Low Risk,Observe,67.8,High-risk pump operating condition,"Low health score may indicate cavitation, bearing wear, or unstable hydraulic load",Plan maintenance soon and reduce pump load if possible,"anomaly detected, high torque, very high air temperature, very high process temperature",Active,Isolation Forest + Rule-Based Decision Support,2026-06-07 21:30:30
ALT-0159,TRB-004,Turbine,Low Risk,Observe,67.81,High turbine mechanical stress,"Low health score may indicate speed instability, thermal stress, or high mechanical load",Plan maintenance soon and verify safe operating limits,"anomaly detected, high torque, very low air temperature, very low process temperature",Active,Isolation Forest + Rule-Based Decision Support,2026-06-07 21:30:30
ALT-0160,MIX-002,Mixer,Low Risk,Observe,68.06,High mixer drive stress,"Low health score may indicate overload, blade resistance, or abnormal torque demand",Reduce mixer load if possible and schedule mechanical inspection soon,"anomaly detected, very low mixing load demand, very high shaft speed variation",Active,Isolation Forest + Rule-Based Decision Support,2026-06-07 21:30:30
ALT-0161,GRB-014,Gearbox,Low Risk,Observe,68.12,High gearbox mechanical stress,"Low health score may indicate lubrication failure, gear wear, or abnormal torque transmission",Schedule maintenance soon and avoid high load operation,"very low mechanical load, high shaft speed, very high operating temperature",Active,Isolation Forest + Rule-Based Decision Support,2026-06-07 21:30:30
ALT-0162,PMP-017,Pump,Low Risk,Observe,68.16,High-risk pump operating condition,"Low health score may indicate cavitation, bearing wear, or unstable hydraulic load",Plan maintenance soon and reduce pump load if possible,"anomaly detected, very high air temperature, very high process temperature",Active,Isolation Forest + Rule-Based Decision Support,2026-06-07 21:30:30
ALT-0163,CMP-009,Compressor,Low Risk,Observe,68.36,High compressor stress condition,"Low health score may indicate overheating, overpressure, or lubrication problem",Schedule maintenance soon and check whether the compressor can continue operation safely,"very low torque, very high rotational speed",Active,Isolation Forest + Rule-Based Decision Support,2026-06-07 21:30:30
ALT-0164,FAN-006,Fan,Low Risk,Observe,68.4,Severe fan airflow imbalance or bearing stress,"Low health score may indicate high mechanical stress, bearing wear, or unstable rotation",Reduce fan operation load if possible and schedule maintenance soon,"anomaly detected, very high air temperature, very high process temperature",Active,Isolation Forest + Rule-Based Decision Support,2026-06-07 21:30:30
ALT-0165,CNV-011,Conveyor,Low Risk,Observe,68.41,High conveyor drive stress,"Low health score may indicate belt misalignment, roller jam, or overload",Reduce conveyor load and schedule maintenance soon,"anomaly detected, low conveyor drive load",Active,Isolation Forest + Rule-Based Decision Support,2026-06-07 21:30:30
ALT-0166,GRB-005,Gearbox,Low Risk,Observe,68.42,High gearbox mechanical stress,"Low health score may indicate lubrication failure, gear wear, or abnormal torque transmission",Schedule maintenance soon and avoid high load operation,"anomaly detected, very low mechanical load, very high shaft speed, high wear indicator",Active,Isolation Forest + Rule-Based Decision Support,2026-06-07 21:30:30
ALT-0167,BLW-004,Blower,Low Risk,Observe,68.48,Possible blower airflow restriction or bearing issue,"Abnormal torque or speed pattern may indicate blocked filter, bearing wear, or motor load increase","Inspect inlet filter, outlet pressure, bearing condition, and motor load","low airflow load demand, very low air temperature, very low process temperature",Active,Isolation Forest + Rule-Based Decision Support,2026-06-07 21:30:30
ALT-0168,TRB-006,Turbine,Low Risk,Observe,68.69,Possible turbine thermal or speed instability,Abnormal speed or temperature pattern may indicate thermal stress or blade wear,"Inspect vibration trend, lubrication system, speed stability, and blade condition","low torque, very high tool wear, high rotational speed",Active,Isolation Forest + Rule-Based Decision Support,2026-06-07 21:30:30
ALT-0169,MOT-015,Motor,Low Risk,Observe,68.7,Possible motor overload or heating issue,Abnormal torque or temperature pattern may indicate load stress or cooling limitation,"Inspect motor temperature, current draw, coupling alignment, and cooling path","very high torque, very high tool wear, low rotational speed",Active,Isolation Forest + Rule-Based Decision Support,2026-06-07 21:30:30
ALT-0170,HYD-006,Hydraulic System,Low Risk,Observe,68.72,Possible hydraulic pressure instability,"Abnormal torque or temperature pattern may indicate fluid leakage, filter restriction, or pump overload","Inspect pressure, oil level, hoses, seals, filters, and actuator movement","very low hydraulic load response, low operating temperature",Active,Isolation Forest + Rule-Based Decision Support,2026-06-07 21:30:30
ALT-0171,PMP-008,Pump,Low Risk,Observe,68.77,Possible cavitation or pump load issue,"Abnormal torque or speed pattern may suggest suction restriction, impeller blockage, or bearing wear","Inspect suction pressure, impeller condition, seals, and bearing vibration","very low torque, high rotational speed, low air temperature",Active,Isolation Forest + Rule-Based Decision Support,2026-06-07 21:30:30
ALT-0172,PMP-022,Pump,Low Risk,Observe,68.79,Possible cavitation or pump load issue,"Abnormal torque or speed pattern may suggest suction restriction, impeller blockage, or bearing wear","Inspect suction pressure, impeller condition, seals, and bearing vibration","high torque, very low air temperature, very low process temperature",Active,Isolation Forest + Rule-Based Decision Support,2026-06-07 21:30:30
ALT-0173,CNV-014,Conveyor,Low Risk,Observe,68.82,Possible belt misalignment or roller wear,"Abnormal torque or speed pattern may indicate belt tension issue, roller wear, or material blockage","Inspect belt tension, roller condition, drive motor load, and material flow","very low conveyor drive load, very high conveyor speed variation, high wear indicator",Active,Isolation Forest + Rule-Based Decision Support,2026-06-07 21:30:30
ALT-0174,PMP-009,Pump,Low Risk,Observe,68.88,High-risk pump operating condition,"Low health score may indicate cavitation, bearing wear, or unstable hydraulic load",Plan maintenance soon and reduce pump load if possible,"anomaly detected, very low torque, very high tool wear, very high rotational speed",Active,Isolation Forest + Rule-Based Decision Support,2026-06-07 21:30:30
ALT-0175,GRB-003,Gearbox,Low Risk,Observe,68.93,Possible gear wear or lubrication issue,"Abnormal torque or temperature pattern may indicate gear wear, misalignment, or insufficient lubrication","Inspect oil level, gear teeth condition, vibration, and shaft alignment","very low mechanical load, high shaft speed, high operating temperature",Active,Isolation Forest + Rule-Based Decision Support,2026-06-07 21:30:30
ALT-0176,CMP-006,Compressor,Low Risk,Observe,69.06,Possible compressor overheating or pressure instability,"Abnormal temperature, torque, or speed pattern may suggest lubrication issue or unstable compression load","Inspect oil level, filters, discharge pressure, temperature, and vibration","very high torque, low rotational speed, high air temperature",Active,Isolation Forest + Rule-Based Decision Support,2026-06-07 21:30:30
ALT-0177,CHL-003,Chiller,Low Risk,Observe,69.23,High chiller performance risk,"Low health score may indicate cooling efficiency loss, overheating, or unstable compressor load","Schedule maintenance soon and check condenser, refrigerant level, and cooling flow","anomaly detected, very low cooling-side temperature, very low process cooling temperature, high compressor load demand",Active,Isolation Forest + Rule-Based Decision Support,2026-06-07 21:30:30
ALT-0178,CFG-002,Centrifuge,Low Risk,Observe,69.3,Possible centrifuge imbalance or bearing wear,"Abnormal speed or torque pattern may indicate rotor imbalance, bearing wear, or unstable feed load","Inspect rotor balance, bearing condition, vibration, and feed distribution",low operating temperature,Active,Isolation Forest + Rule-Based Decision Support,2026-06-07 21:30:30
ALT-0179,GRB-006,Gearbox,Low Risk,Observe,69.35,Possible gear wear or lubrication issue,"Abnormal torque or temperature pattern may indicate gear wear, misalignment, or insufficient lubrication","Inspect oil level, gear teeth condition, vibration, and shaft alignment",very high operating temperature,Active,Isolation Forest + Rule-Based Decision Support,2026-06-07 21:30:30
ALT-0180,FAN-002,Fan,Low Risk,Observe,69.37,Possible fan imbalance or bearing wear,"Abnormal speed or torque pattern may indicate blade imbalance, bearing wear, or airflow restriction","Inspect fan blades, shaft alignment, bearing condition, and airflow path","low airflow load demand, low air temperature, very low process temperature",Active,Isolation Forest + Rule-Based Decision Support,2026-06-07 21:30:30
ALT-0181,PMP-018,Pump,Low Risk,Observe,69.46,Possible cavitation or pump load issue,"Abnormal torque or speed pattern may suggest suction restriction, impeller blockage, or bearing wear","Inspect suction pressure, impeller condition, seals, and bearing vibration","very low torque, very high rotational speed",Active,Isolation Forest + Rule-Based Decision Support,2026-06-07 21:30:30
ALT-0182,GRB-011,Gearbox,Low Risk,Observe,69.51,High gearbox mechanical stress,"Low health score may indicate lubrication failure, gear wear, or abnormal torque transmission",Schedule maintenance soon and avoid high load operation,"anomaly detected, very high mechanical load, low shaft speed",Active,Isolation Forest + Rule-Based Decision Support,2026-06-07 21:30:30
ALT-0183,CMP-001,Compressor,Low Risk,Observe,69.52,Possible compressor overheating or pressure instability,"Abnormal temperature, torque, or speed pattern may suggest lubrication issue or unstable compression load","Inspect oil level, filters, discharge pressure, temperature, and vibration","very high torque, very high tool wear, low rotational speed",Active,Isolation Forest + Rule-Based Decision Support,2026-06-07 21:30:30
ALT-0184,MOT-008,Motor,Low Risk,Observe,69.93,High motor stress condition,"Low health score may indicate overload, insulation stress, or abnormal torque demand",Reduce motor load if possible and schedule maintenance soon,"very low air temperature, very low process temperature",Active,Isolation Forest + Rule-Based Decision Support,2026-06-07 21:30:30
ALT-0185,MOT-004,Motor,Low Risk,Observe,70.0,Possible motor overload or heating issue,Abnormal torque or temperature pattern may indicate load stress or cooling limitation,"Inspect motor temperature, current draw, coupling alignment, and cooling path","very high tool wear, low air temperature, low process temperature",Active,Isolation Forest + Rule-Based Decision Support,2026-06-07 21:30:30
ALT-0186,CNV-004,Conveyor,Low Risk,Observe,70.11,Possible belt misalignment or roller wear,"Abnormal torque or speed pattern may indicate belt tension issue, roller wear, or material blockage","Inspect belt tension, roller condition, drive motor load, and material flow","low conveyor drive load, high conveyor speed variation, very high wear indicator",Active,Isolation Forest + Rule-Based Decision Support,2026-06-07 21:30:30
ALT-0187,PMP-012,Pump,Low Risk,Observe,70.22,Possible cavitation or pump load issue,"Abnormal torque or speed pattern may suggest suction restriction, impeller blockage, or bearing wear","Inspect suction pressure, impeller condition, seals, and bearing vibration","high torque, low rotational speed, low air temperature",Active,Isolation Forest + Rule-Based Decision Support,2026-06-07 21:30:30
ALT-0188,TRB-008,Turbine,Low Risk,Observe,70.41,Possible turbine thermal or speed instability,Abnormal speed or temperature pattern may indicate thermal stress or blade wear,"Inspect vibration trend, lubrication system, speed stability, and blade condition","very low air temperature, very low process temperature",Active,Isolation Forest + Rule-Based Decision Support,2026-06-07 21:30:30
ALT-0189,CHL-010,Chiller,Low Risk,Observe,70.68,Possible chiller cooling inefficiency,"Abnormal temperature or load pattern may indicate condenser fouling, refrigerant issue, or compressor load stress","Inspect condenser cleanliness, refrigerant condition, cooling water flow, and compressor operation","very low cooling-side temperature, very low process cooling temperature",Active,Isolation Forest + Rule-Based Decision Support,2026-06-07 21:30:30
ALT-0190,MOT-018,Motor,Low Risk,Observe,70.83,Possible motor overload or heating issue,Abnormal torque or temperature pattern may indicate load stress or cooling limitation,"Inspect motor temperature, current draw, coupling alignment, and cooling path","low torque, high rotational speed",Active,Isolation Forest + Rule-Based Decision Support,2026-06-07 21:30:30
ALT-0191,BLW-006,Blower,Low Risk,Observe,70.85,High-risk blower operating condition,"Low health score may indicate airflow restriction, overheating, or bearing stress",Plan maintenance soon and reduce blower load if possible,very high airflow load demand,Active,Isolation Forest + Rule-Based Decision Support,2026-06-07 21:30:30
ALT-0192,PMP-004,Pump,Low Risk,Observe,71.04,Possible cavitation or pump load issue,"Abnormal torque or speed pattern may suggest suction restriction, impeller blockage, or bearing wear","Inspect suction pressure, impeller condition, seals, and bearing vibration","high torque, low rotational speed, very high air temperature",Active,Isolation Forest + Rule-Based Decision Support,2026-06-07 21:30:30
ALT-0193,PMP-001,Pump,Low Risk,Observe,71.31,Possible cavitation or pump load issue,"Abnormal torque or speed pattern may suggest suction restriction, impeller blockage, or bearing wear","Inspect suction pressure, impeller condition, seals, and bearing vibration","very low torque, very high rotational speed",Active,Isolation Forest + Rule-Based Decision Support,2026-06-07 21:30:30
ALT-0194,CMP-013,Compressor,Low Risk,Observe,71.35,Possible compressor overheating or pressure instability,"Abnormal temperature, torque, or speed pattern may suggest lubrication issue or unstable compression load","Inspect oil level, filters, discharge pressure, temperature, and vibration","very high torque, low rotational speed, high air temperature",Active,Isolation Forest + Rule-Based Decision Support,2026-06-07 21:30:30
ALT-0195,VPM-002,Vacuum Pump,Low Risk,Observe,71.36,Possible vacuum loss or pump wear,"Abnormal torque or temperature pattern may indicate seal leakage, filter restriction, or internal wear","Inspect vacuum level, seals, filters, oil condition, and pump wear","very low vacuum pump load response, high pump operating temperature, high process temperature",Active,Isolation Forest + Rule-Based Decision Support,2026-06-07 21:30:30
ALT-0196,PMP-013,Pump,Low Risk,Observe,71.62,Possible cavitation or pump load issue,"Abnormal torque or speed pattern may suggest suction restriction, impeller blockage, or bearing wear","Inspect suction pressure, impeller condition, seals, and bearing vibration","very high torque, low rotational speed, very high air temperature",Active,Isolation Forest + Rule-Based Decision Support,2026-06-07 21:30:30
ALT-0197,MOT-014,Motor,Low Risk,Observe,71.79,Possible motor overload or heating issue,Abnormal torque or temperature pattern may indicate load stress or cooling limitation,"Inspect motor temperature, current draw, coupling alignment, and cooling path","low torque, very low air temperature, very low process temperature",Active,Isolation Forest + Rule-Based Decision Support,2026-06-07 21:30:30
ALT-0198,HEX-006,Heat Exchanger,Low Risk,Observe,71.87,Possible fouling or flow restriction,Abnormal temperature pattern may indicate reduced heat transfer efficiency,"Inspect temperature difference, flow restriction, and cleaning requirement","low air temperature, very low process temperature",Active,Isolation Forest + Rule-Based Decision Support,2026-06-07 21:30:30
ALT-0199,CFG-003,Centrifuge,Low Risk,Observe,72.12,Possible centrifuge imbalance or bearing wear,"Abnormal speed or torque pattern may indicate rotor imbalance, bearing wear, or unstable feed load","Inspect rotor balance, bearing condition, vibration, and feed distribution",very high operating temperature,Active,Isolation Forest + Rule-Based Decision Support,2026-06-07 21:30:30
ALT-0200,HYD-004,Hydraulic System,Low Risk,Observe,72.69,Possible hydraulic pressure instability,"Abnormal torque or temperature pattern may indicate fluid leakage, filter restriction, or pump overload","Inspect pressure, oil level, hoses, seals, filters, and actuator movement","high hydraulic load demand, very low operating temperature, very low process temperature",Active,Isolation Forest + Rule-Based Decision Support,2026-06-07 21:30:30
